item_id,complete_valid_block,00_status,00_answer,00_normalized_prediction,00_normalized_gold,00_em,00_f1,10_status,10_answer,10_normalized_prediction,10_normalized_gold,10_em,10_f1,01_status,01_answer,01_normalized_prediction,01_normalized_gold,01_em,01_f1,11_status,11_answer,11_normalized_prediction,11_normalized_gold,11_em,11_f1
5ae524415542992663a4f121,True,valid,Helsinki,helsinki,helsinki finland,0,0.6666666666666666,valid,Helsinki,helsinki,helsinki finland,0,0.6666666666666666,valid,Helsinki,helsinki,helsinki finland,0,0.6666666666666666,valid,Helsinki,helsinki,helsinki finland,0,0.6666666666666666
5adf076f5542992d7e9f9277,True,valid,John Faso,john faso,john faso,1,1.0,valid,John Faso,john faso,john faso,1,1.0,valid,John Faso,john faso,john faso,1,1.0,valid,John Faso,john faso,john faso,1,1.0
5a8f608d5542992414482a94,True,valid,publicly available database,publicly available database,publicly available,0,0.8,valid,publicly available database,publicly available database,publicly available,0,0.8,valid,publicly available database,publicly available database,publicly available,0,0.8,valid,publicly available database,publicly available database,publicly available,0,0.8
5a87ab905542996e4f3088c1,True,valid,"4,000 capacity (3,677 seated)",4000 capacity 3677 seated,3677 seated,0,0.6666666666666666,valid,"3,677 seated (4,000 capacity)",3677 seated 4000 capacity,3677 seated,0,0.6666666666666666,valid,"4,000 capacity (3,677 seated)",4000 capacity 3677 seated,3677 seated,0,0.6666666666666666,valid,"4,000 capacity (3,677 seated)",4000 capacity 3677 seated,3677 seated,0,0.6666666666666666
5ae3a1aa5542994393b9e72d,True,valid,"""Lucky""",lucky,lucky,1,1.0,valid,"""Lucky""",lucky,lucky,1,1.0,valid,"""Lucky""",lucky,lucky,1,1.0,valid,"""Lucky""",lucky,lucky,1,1.0
5a84524a554299123d8c2203,True,valid,Five books,five books,five books,1,1.0,valid,Five books,five books,five books,1,1.0,valid,Five books,five books,five books,1,1.0,valid,Five books,five books,five books,1,1.0
5a7e32905542991319bc943b,True,valid,Curling,curling,curling,1,1.0,valid,Curling,curling,curling,1,1.0,valid,Curling,curling,curling,1,1.0,valid,Curling,curling,curling,1,1.0
5a75a4135542992d0ec05fcd,True,valid,"Rockhill Furnace, Pennsylvania",rockhill furnace pennsylvania,rockhill furnace pennsylvania,1,1.0,valid,"Rockhill Furnace, Pennsylvania",rockhill furnace pennsylvania,rockhill furnace pennsylvania,1,1.0,valid,"Rockhill Furnace, Pennsylvania",rockhill furnace pennsylvania,rockhill furnace pennsylvania,1,1.0,valid,"Rockhill Furnace, Pennsylvania",rockhill furnace pennsylvania,rockhill furnace pennsylvania,1,1.0
5adf51e05542995534e8c78a,True,valid,The provided context does not mention a specific name for Diego Tonetto's Italian passport.,provided context does not mention specific name for diego tonettos italian passport,italian nationality law,0,0.13333333333333333,valid,Not mentioned in the context,not mentioned in context,italian nationality law,0,0.0,valid,The provided context does not state that Diego Tonetto's Italian passport has a specific name.,provided context does not state that diego tonettos italian passport has specific name,italian nationality law,0,0.125,valid,Not mentioned,not mentioned,italian nationality law,0,0.0
5a7fa2ad5542994857a76792,True,valid,"The Golden Ratio: The Story of Phi, the World's Most Astonishing Number",golden ratio story of phi worlds most astonishing number,story of phi worlds most astonishing number,0,0.8750000000000001,valid,"""The Golden Ratio: The Story of Phi, the World's Most Astonishing Number""",golden ratio story of phi worlds most astonishing number,story of phi worlds most astonishing number,0,0.8750000000000001,valid,"The Golden Ratio: The Story of Phi, the World's Most Astonishing Number",golden ratio story of phi worlds most astonishing number,story of phi worlds most astonishing number,0,0.8750000000000001,valid,"""The Golden Ratio: The Story of Phi, the World's Most Astonishing Number""",golden ratio story of phi worlds most astonishing number,story of phi worlds most astonishing number,0,0.8750000000000001
5abd12bb55429933744ab703,True,valid,Mount Everest,mount everest,mount everest,1,1.0,valid,Mount Everest,mount everest,mount everest,1,1.0,valid,Mount Everest,mount everest,mount everest,1,1.0,valid,Mount Everest,mount everest,mount everest,1,1.0
5abcd77755429965836004ce,True,valid,Australian coast,australian coast,australian coast,1,1.0,valid,on the Australian coast,on australian coast,australian coast,0,0.8,valid,the Australian coast,australian coast,australian coast,1,1.0,valid,the Australian coast,australian coast,australian coast,1,1.0
5ab520dd5542996a3a96a02c,True,valid,New York,new york,new york,1,1.0,valid,New York State,new york state,new york,0,0.8,valid,New York State,new york state,new york,0,0.8,valid,New York State,new york state,new york,0,0.8
5a86681c5542991e77181644,True,valid,Professional boxer,professional boxer,american professional boxer,0,0.8,valid,Professional boxer,professional boxer,american professional boxer,0,0.8,valid,Professional boxer,professional boxer,american professional boxer,0,0.8,valid,Professional boxer,professional boxer,american professional boxer,0,0.8
5ae6179b5542992663a4f25b,True,valid,Ti Lung,ti lung,tommy tam fuwing,0,0.0,valid,Ti Lung,ti lung,tommy tam fuwing,0,0.0,valid,Ti Lung,ti lung,tommy tam fuwing,0,0.0,valid,Ti Lung,ti lung,tommy tam fuwing,0,0.0
5ae07c6255429924de1b70d6,True,valid,65 mph,65 mph,65 mph,1,1.0,valid,65 mph,65 mph,65 mph,1,1.0,valid,65 mph,65 mph,65 mph,1,1.0,valid,65 mph,65 mph,65 mph,1,1.0
5ae531695542990ba0bbb1fb,True,valid,1945,1945,1945,1,1.0,valid,1945,1945,1945,1,1.0,valid,1945,1945,1945,1,1.0,valid,1945,1945,1945,1,1.0
5a7cdd1c554299683c1c63a8,True,valid,The Legend of Sleepy Hollow,legend of sleepy hollow,legend of sleepy hollow,1,1.0,valid,The Legend of Sleepy Hollow,legend of sleepy hollow,legend of sleepy hollow,1,1.0,valid,The Legend of Sleepy Hollow,legend of sleepy hollow,legend of sleepy hollow,1,1.0,valid,The Legend of Sleepy Hollow,legend of sleepy hollow,legend of sleepy hollow,1,1.0
5a7f354b5542992e7d278c8c,True,valid,Mudvayne,mudvayne,mudvayne,1,1.0,valid,Mudvayne,mudvayne,mudvayne,1,1.0,valid,Mudvayne,mudvayne,mudvayne,1,1.0,valid,Mudvayne,mudvayne,mudvayne,1,1.0
5a89f58f5542992e4fca84af,True,valid,Borwick Joint station,borwick joint station,borwick railway station,0,0.6666666666666666,valid,Borwick railway station,borwick railway station,borwick railway station,1,1.0,valid,Borwick Joint station,borwick joint station,borwick railway station,0,0.6666666666666666,valid,Borwick Joint station,borwick joint station,borwick railway station,0,0.6666666666666666
5ae2c6bf554299492dc91c6c,True,valid,Karl Kraus,karl kraus,karl kraus,1,1.0,valid,Karl Kraus,karl kraus,karl kraus,1,1.0,valid,Karl Kraus,karl kraus,karl kraus,1,1.0,valid,Karl Kraus,karl kraus,karl kraus,1,1.0
5a75f0ea5542994ccc91866c,True,valid,A41 road,a41 road,a41,0,0.6666666666666666,valid,A41 road,a41 road,a41,0,0.6666666666666666,valid,A41 road,a41 road,a41,0,0.6666666666666666,valid,A41,a41,a41,1,1.0
5a81b7205542990a1d231e79,True,valid,1825 to 1854,1825 to 1854,from 1825 to 1854,0,0.8571428571428571,valid,1825 to 1854,1825 to 1854,from 1825 to 1854,0,0.8571428571428571,valid,1825 to 1854,1825 to 1854,from 1825 to 1854,0,0.8571428571428571,valid,From 1825 to 1854,from 1825 to 1854,from 1825 to 1854,1,1.0
5a7a47be5542994f819ef1b2,True,valid,Dâmbovița River,dâmbovița river,dâmbovița river,1,1.0,valid,Dâmbovița River,dâmbovița river,dâmbovița river,1,1.0,valid,Dâmbovița River,dâmbovița river,dâmbovița river,1,1.0,valid,Dâmbovița River,dâmbovița river,dâmbovița river,1,1.0
5a849cc95542997175ce1efa,True,valid,Boston,boston,boston,1,1.0,valid,Boston,boston,boston,1,1.0,valid,Boston,boston,boston,1,1.0,valid,Boston,boston,boston,1,1.0
5a8c5be0554299653c1aa04b,True,valid,Pedro Calomino,pedro calomino,law adam,0,0.0,valid,Pedro Calomino,pedro calomino,law adam,0,0.0,valid,Pedro Calomino,pedro calomino,law adam,0,0.0,valid,Pedro Calomino,pedro calomino,law adam,0,0.0
5ae1465855429920d5234373,True,valid,New York Yankees,new york yankees,new york yankees,1,1.0,valid,New York Yankees,new york yankees,new york yankees,1,1.0,valid,New York Yankees,new york yankees,new york yankees,1,1.0,valid,New York Yankees,new york yankees,new york yankees,1,1.0
5ae0036a55429942ec259bdf,True,valid,Army and Navy,army and navy,army navy,0,0.8,valid,Army and Navy,army and navy,army navy,0,0.8,valid,Army and Navy,army and navy,army navy,0,0.8,valid,Army and Navy,army and navy,army navy,0,0.8
5add559e5542992ae4cec511,True,valid,Apple Lisa,apple lisa,apple lisa,1,1.0,valid,The Apple Lisa,apple lisa,apple lisa,1,1.0,valid,The Apple Lisa,apple lisa,apple lisa,1,1.0,valid,the Apple Lisa,apple lisa,apple lisa,1,1.0
5a84e61b5542997b5ce3ff86,True,valid,It was the 500th episode overall of the series.,it was 500th episode overall of series,shows 500th episode,0,0.4,valid,It was the 500th episode overall of the series.,it was 500th episode overall of series,shows 500th episode,0,0.4,valid,It was the 500th episode overall of the series.,it was 500th episode overall of series,shows 500th episode,0,0.4,valid,It was the 500th episode overall of the series.,it was 500th episode overall of series,shows 500th episode,0,0.4
5a72e4375542992359bc31bf,True,valid,Bob Day,bob day,bob day,1,1.0,valid,Bob Day,bob day,bob day,1,1.0,valid,Bob Day,bob day,bob day,1,1.0,valid,Bob Day,bob day,bob day,1,1.0
5a7723ce55429966f1a36c9f,True,valid,Gareth Barry,gareth barry,gareth barry,1,1.0,valid,Gareth Barry,gareth barry,gareth barry,1,1.0,valid,Gareth Barry,gareth barry,gareth barry,1,1.0,valid,Gareth Barry,gareth barry,gareth barry,1,1.0
5ac0805f5542992a796ded29,True,valid,"The provided context does not contain information about when the author of ""Albert Speer: His Battle with Truth"" was convicted.",provided context does not contain information about when author of albert speer his battle with truth was convicted,1968,0,0.0,valid,"The provided context does not contain information about when the author of ""Albert Speer: His Battle with Truth"" was convicted.",provided context does not contain information about when author of albert speer his battle with truth was convicted,1968,0,0.0,valid,"The provided context does not mention the author of ""Albert Speer: His Battle with Truth"" being convicted.",provided context does not mention author of albert speer his battle with truth being convicted,1968,0,0.0,valid,"The provided context does not contain information about when Gitta Sereny (the author of ""Albert Speer: His Battle with Truth"") was convicted.",provided context does not contain information about when gitta sereny author of albert speer his battle with truth was convicted,1968,0,0.0
5a90605d5542995651fb514d,True,valid,"Royce da 5'9"" and Eminem",royce da 59 and eminem,royce da 59 bad and eminem evil,0,0.8333333333333333,valid,"Royce da 5'9"" and Eminem",royce da 59 and eminem,royce da 59 bad and eminem evil,0,0.8333333333333333,valid,"Royce da 5'9"" and Eminem",royce da 59 and eminem,royce da 59 bad and eminem evil,0,0.8333333333333333,valid,"Royce da 5'9"" and Eminem",royce da 59 and eminem,royce da 59 bad and eminem evil,0,0.8333333333333333
5a80b322554299485f5986c8,True,valid,278th episode,278th episode,278th episode,1,1.0,valid,278th episode,278th episode,278th episode,1,1.0,valid,278th episode,278th episode,278th episode,1,1.0,valid,The 278th episode of the series overall,278th episode of series overall,278th episode,0,0.5714285714285715
5ae71bee554299572ea546ea,True,valid,Johnny Torrio,johnny torrio,alphonse gabriel capone,0,0.0,valid,Johnny Torrio and Al Capone,johnny torrio and al capone,alphonse gabriel capone,0,0.25,valid,Johnny Torrio,johnny torrio,alphonse gabriel capone,0,0.0,valid,Johnny Torrio,johnny torrio,alphonse gabriel capone,0,0.0
5ae5e62455429929b0807a07,True,valid,Italian,italian,italian,1,1.0,valid,Italian,italian,italian,1,1.0,valid,Italian,italian,italian,1,1.0,valid,Italian,italian,italian,1,1.0
5a8d8e4f5542994ba4e3dca7,True,valid,3 mi,3 mi,approximately 3 mi,0,0.8,valid,3 mi,3 mi,approximately 3 mi,0,0.8,valid,3 mi,3 mi,approximately 3 mi,0,0.8,valid,3 mi,3 mi,approximately 3 mi,0,0.8
5ab4ec2755429942dd415fa6,True,valid,CIT Group,cit group,cit group inc,0,0.8,valid,CIT Group,cit group,cit group inc,0,0.8,valid,CIT Group,cit group,cit group inc,0,0.8,valid,CIT Group,cit group,cit group inc,0,0.8
5a81fa59554299676cceb1b0,True,valid,Actor,actor,actor,1,1.0,valid,Acting (or actor/actress),acting or actoractress,actor,0,0.0,valid,Actor / Actress,actor actress,actor,0,0.6666666666666666,valid,Acting,acting,actor,0,0.0
5adc3a7055429947ff173913,True,valid,Francophone and French (from Martinique),francophone and french from martinique,french,0,0.33333333333333337,valid,Francophone and French (from Martinique),francophone and french from martinique,french,0,0.33333333333333337,valid,French and from Martinique (Francophone and French),french and from martinique francophone and french,french,0,0.25,valid,Francophone and French (from Martinique),francophone and french from martinique,french,0,0.33333333333333337
5adecc7755429975fa854f9d,True,valid,Jeremy Hammond,jeremy hammond,jeremy hammond,1,1.0,valid,Jeremy Hammond,jeremy hammond,jeremy hammond,1,1.0,valid,Jeremy Hammond,jeremy hammond,jeremy hammond,1,1.0,valid,Jeremy Hammond,jeremy hammond,jeremy hammond,1,1.0
5a8fdd9c55429916514e73de,True,valid,2006,2006,2006,1,1.0,valid,2006,2006,2006,1,1.0,valid,2006,2006,2006,1,1.0,valid,2006,2006,2006,1,1.0
5ae629215542995703ce8b34,True,valid,Adelaide,adelaide,adelaide,1,1.0,valid,Adelaide,adelaide,adelaide,1,1.0,valid,Adelaide,adelaide,adelaide,1,1.0,valid,Adelaide,adelaide,adelaide,1,1.0
5abcffc2554299700f9d7951,True,valid,Citgo,citgo,citgo,1,1.0,valid,Citgo,citgo,citgo,1,1.0,valid,Citgo,citgo,citgo,1,1.0,valid,Citgo,citgo,citgo,1,1.0
5ac273455542992f1f2b38d4,True,valid,Young earth creationism and intelligent design,young earth creationism and intelligent design,intelligent design,0,0.5,valid,Young earth creationism and intelligent design,young earth creationism and intelligent design,intelligent design,0,0.5,valid,Young earth creationism and intelligent design,young earth creationism and intelligent design,intelligent design,0,0.5,valid,Young earth creationism and intelligent design,young earth creationism and intelligent design,intelligent design,0,0.5
5a7736bc554299373536021b,True,valid,Antonio Vivaldi,antonio vivaldi,antonio lucio vivaldi,0,0.8,valid,Antonio Vivaldi,antonio vivaldi,antonio lucio vivaldi,0,0.8,valid,Antonio Vivaldi,antonio vivaldi,antonio lucio vivaldi,0,0.8,valid,Antonio Vivaldi,antonio vivaldi,antonio lucio vivaldi,0,0.8
5ae3fd595542995dadf24292,True,valid,Thriller,thriller,thriller,1,1.0,valid,Thriller,thriller,thriller,1,1.0,valid,thriller film,thriller film,thriller,0,0.6666666666666666,valid,Thriller film,thriller film,thriller,0,0.6666666666666666
5ae762985542995703ce8c04,True,valid,Computech,computech,computech,1,1.0,valid,Computech,computech,computech,1,1.0,valid,Computech,computech,computech,1,1.0,valid,Computech,computech,computech,1,1.0
5a8b8f5b55429949d91db5e1,True,valid,Not mentioned in the context.,not mentioned in context,video game,0,0.0,valid,videogames,videogames,video game,0,0.0,valid,videogames podcast,videogames podcast,video game,0,0.0,valid,videogames,videogames,video game,0,0.0
5ae3606b5542991a06ce99a8,True,valid,amyotrophic lateral sclerosis (ALS),amyotrophic lateral sclerosis als,lou gehrigs disease,0,0.0,valid,Amyotrophic lateral sclerosis (ALS),amyotrophic lateral sclerosis als,lou gehrigs disease,0,0.0,valid,amyotrophic lateral sclerosis (ALS) / Lou Gehrig's Disease,amyotrophic lateral sclerosis als lou gehrigs disease,lou gehrigs disease,0,0.6,valid,amyotrophic lateral sclerosis (ALS),amyotrophic lateral sclerosis als,lou gehrigs disease,0,0.0
5a7cb94f554299683c1c6353,True,valid,The Hungry,hungry,hungry,1,1.0,valid,The Hungry,hungry,hungry,1,1.0,valid,The Hungry,hungry,hungry,1,1.0,valid,The Hungry,hungry,hungry,1,1.0
5ab7d6ec5542995dae37e9b4,True,valid,1988,1988,1988,1,1.0,valid,1988,1988,1988,1,1.0,valid,1988,1988,1988,1,1.0,valid,1988,1988,1988,1,1.0
5a75e33855429976ec32bc74,True,valid,Phoenix Suns,phoenix suns,phoenix suns,1,1.0,valid,Phoenix Suns,phoenix suns,phoenix suns,1,1.0,valid,Phoenix Suns,phoenix suns,phoenix suns,1,1.0,valid,Phoenix Suns,phoenix suns,phoenix suns,1,1.0
5ae083e855429924de1b70fb,True,valid,25 points,25 points,25 points,1,1.0,valid,25 points,25 points,25 points,1,1.0,valid,25 points,25 points,25 points,1,1.0,valid,25 points,25 points,25 points,1,1.0
5a90b1a15542990a984936ab,True,valid,Netherlands,netherlands,netherlands,1,1.0,valid,Netherlands,netherlands,netherlands,1,1.0,valid,the Netherlands,netherlands,netherlands,1,1.0,valid,Netherlands,netherlands,netherlands,1,1.0
5ae0345855429924de1b705f,True,valid,Las Vegas Sands,las vegas sands,las vegas sands company,0,0.8571428571428571,valid,Las Vegas Sands,las vegas sands,las vegas sands company,0,0.8571428571428571,valid,Las Vegas Sands,las vegas sands,las vegas sands company,0,0.8571428571428571,valid,Las Vegas Sands,las vegas sands,las vegas sands company,0,0.8571428571428571
5ae17f1e5542990adbacf7a6,True,valid,Province of Entre Ríos,province of entre ríos,mesopotamia,0,0.0,valid,Entre Ríos,entre ríos,mesopotamia,0,0.0,valid,Mesopotamia region,mesopotamia region,mesopotamia,0,0.6666666666666666,valid,province of Entre Ríos,province of entre ríos,mesopotamia,0,0.0
5a7264ed5542990c210a411a,True,valid,Blood and soil,blood and soil,blood and soil,1,1.0,valid,Blood and soil,blood and soil,blood and soil,1,1.0,valid,Blood and soil,blood and soil,blood and soil,1,1.0,valid,Blood and soil,blood and soil,blood and soil,1,1.0
5a74be0b5542996c70cfadc8,True,valid,Universal Pictures,universal pictures,universal pictures,1,1.0,valid,Universal Pictures,universal pictures,universal pictures,1,1.0,valid,Universal Pictures,universal pictures,universal pictures,1,1.0,valid,Universal Pictures,universal pictures,universal pictures,1,1.0
5abd83775542993062266cb7,True,valid,The Snowman,snowman,snowman,1,1.0,valid,The Snowman,snowman,snowman,1,1.0,valid,The Snowman,snowman,snowman,1,1.0,valid,The Snowman,snowman,snowman,1,1.0
5abdb4a755429965af743df0,True,valid,Czech Republic,czech republic,czech republic,1,1.0,valid,Czech Republic,czech republic,czech republic,1,1.0,valid,Czech Republic,czech republic,czech republic,1,1.0,valid,Czech Republic,czech republic,czech republic,1,1.0
5a7dbb295542990b8f503a4b,True,valid,Pavel Datsyuk,pavel datsyuk,pavel valerievich datsyuk,0,0.8,valid,Pavel Datsyuk,pavel datsyuk,pavel valerievich datsyuk,0,0.8,valid,Pavel Datsyuk,pavel datsyuk,pavel valerievich datsyuk,0,0.8,valid,Pavel Datsyuk,pavel datsyuk,pavel valerievich datsyuk,0,0.8
5add67705542992ae4cec54f,True,valid,Rafael Dos Anjos,rafael dos anjos,rafael souza dos anjos,0,0.8571428571428571,valid,Rafael dos Anjos,rafael dos anjos,rafael souza dos anjos,0,0.8571428571428571,valid,Rafael dos Anjos,rafael dos anjos,rafael souza dos anjos,0,0.8571428571428571,valid,Rafael Dos Anjos,rafael dos anjos,rafael souza dos anjos,0,0.8571428571428571
5a7af4cd55429931da12c9a6,True,valid,Karachi,karachi,karachi pakistan,0,0.6666666666666666,valid,Karachi,karachi,karachi pakistan,0,0.6666666666666666,valid,Karachi,karachi,karachi pakistan,0,0.6666666666666666,valid,Karachi,karachi,karachi pakistan,0,0.6666666666666666
5ac23f9555429951e9e684db,True,valid,Seldom Jackson,seldom jackson,seldom jackson,1,1.0,valid,Seldom Jackson,seldom jackson,seldom jackson,1,1.0,valid,"Seldom Jackson, a former jockey who assists Dr. Jones",seldom jackson former jockey who assists dr jones,seldom jackson,0,0.4,valid,Seldom Jackson,seldom jackson,seldom jackson,1,1.0
5adf5e285542992d7e9f9323,True,valid,"June 4, 1931",june 4 1931,june 4 1931,1,1.0,valid,"June 4, 1931",june 4 1931,june 4 1931,1,1.0,valid,"June 4, 1931",june 4 1931,june 4 1931,1,1.0,valid,"June 4, 1931",june 4 1931,june 4 1931,1,1.0
5ae0132d55429925eb1afc00,True,valid,George Washington Bridge,george washington bridge,george washington bridge,1,1.0,valid,the George Washington Bridge,george washington bridge,george washington bridge,1,1.0,valid,the George Washington Bridge,george washington bridge,george washington bridge,1,1.0,valid,George Washington Bridge,george washington bridge,george washington bridge,1,1.0
5ab98608554299131ca42362,True,valid,1926 Paris,1926 paris,1926 paris,1,1.0,valid,1926 Paris,1926 paris,1926 paris,1,1.0,valid,1926 Paris,1926 paris,1926 paris,1,1.0,valid,1926 Paris,1926 paris,1926 paris,1,1.0
5abdce1b5542993062266cfe,True,valid,Hennepin County,hennepin county,hennepin county,1,1.0,valid,Hennepin County,hennepin county,hennepin county,1,1.0,valid,Hennepin County,hennepin county,hennepin county,1,1.0,valid,Hennepin County,hennepin county,hennepin county,1,1.0
5a83eaae55429933447460b4,True,valid,"The Swiss federal popular initiative ""against mass immigration""",swiss federal popular initiative against mass immigration,relations between switzerland and european union,0,0.0,valid,"A federal popular initiative ""against mass immigration""",federal popular initiative against mass immigration,relations between switzerland and european union,0,0.0,valid,"A federal popular initiative ""against mass immigration""",federal popular initiative against mass immigration,relations between switzerland and european union,0,0.0,valid,"The Swiss federal popular initiative ""against mass immigration""",swiss federal popular initiative against mass immigration,relations between switzerland and european union,0,0.0
5a8e8d665542995085b3744e,True,valid,Park Yong-gyu,park yonggyu,park yonggyu,1,1.0,valid,Park Yong-gyu,park yonggyu,park yonggyu,1,1.0,valid,Park Yong-gyu,park yonggyu,park yonggyu,1,1.0,valid,Park Yong-gyu,park yonggyu,park yonggyu,1,1.0
5a77d5b855429949eeb29f77,True,valid,Spanish,spanish,spanish,1,1.0,valid,Spanish,spanish,spanish,1,1.0,valid,Spanish,spanish,spanish,1,1.0,valid,Spanish,spanish,spanish,1,1.0
5ab1dcab5542993be8fa985e,True,valid,Marie,marie,marie,1,1.0,valid,Marie,marie,marie,1,1.0,valid,Marie,marie,marie,1,1.0,valid,Marie,marie,marie,1,1.0
5ae1fd995542997283cd2313,True,valid,Lowestoft,lowestoft,lowestoft,1,1.0,valid,Lowestoft,lowestoft,lowestoft,1,1.0,valid,Lowestoft,lowestoft,lowestoft,1,1.0,valid,Lowestoft,lowestoft,lowestoft,1,1.0
5ab69f9a554299710c8d1ef8,True,valid,Adrian Conan Doyle and John Dickson Carr,adrian conan doyle and john dickson carr,sir arthur conan doyle,0,0.36363636363636365,valid,Adrian Conan Doyle and John Dickson Carr,adrian conan doyle and john dickson carr,sir arthur conan doyle,0,0.36363636363636365,valid,Adrian Conan Doyle and John Dickson Carr,adrian conan doyle and john dickson carr,sir arthur conan doyle,0,0.36363636363636365,valid,Adrian Conan Doyle and John Dickson Carr,adrian conan doyle and john dickson carr,sir arthur conan doyle,0,0.36363636363636365
5ac2cb09554299657fa29066,True,valid,Longhorns,longhorns,texas longhorns mens basketball team,0,0.33333333333333337,valid,Longhorns,longhorns,texas longhorns mens basketball team,0,0.33333333333333337,valid,Longhorns,longhorns,texas longhorns mens basketball team,0,0.33333333333333337,valid,Longhorns,longhorns,texas longhorns mens basketball team,0,0.33333333333333337
5a7b1a4a55429927d897bf3b,True,valid,Canada's first train robbery,canadas first train robbery,canadas first train robbery,1,1.0,valid,Canada's first train robbery,canadas first train robbery,canadas first train robbery,1,1.0,valid,Canada's first train robbery,canadas first train robbery,canadas first train robbery,1,1.0,valid,Canada's first train robbery,canadas first train robbery,canadas first train robbery,1,1.0
5ab5ed505542997d4ad1f255,True,valid,The Beatles,beatles,beatles,1,1.0,valid,The Beatles,beatles,beatles,1,1.0,valid,The Beatles,beatles,beatles,1,1.0,valid,The Beatles,beatles,beatles,1,1.0
5abcff225542993a06baf9ea,True,valid,Cleveland Cavaliers,cleveland cavaliers,cleveland cavaliers,1,1.0,valid,Cleveland Cavaliers,cleveland cavaliers,cleveland cavaliers,1,1.0,valid,Cleveland Cavaliers,cleveland cavaliers,cleveland cavaliers,1,1.0,valid,Cleveland Cavaliers,cleveland cavaliers,cleveland cavaliers,1,1.0
5ab4355555429942dd415ee3,True,valid,"""Traumnovelle"" (""Dream Story"")",traumnovelle dream story,traumnovelle dream story,1,1.0,valid,"""Traumnovelle"" (""Dream Story"")",traumnovelle dream story,traumnovelle dream story,1,1.0,valid,"""Traumnovelle"" (""Dream Story"")",traumnovelle dream story,traumnovelle dream story,1,1.0,valid,"""Traumnovelle"" (""Dream Story"")",traumnovelle dream story,traumnovelle dream story,1,1.0
5ab73eaf5542992aa3b8c7ef,True,valid,Chimpanzee,chimpanzee,chimpanzees,0,0.0,valid,Chimpanzee,chimpanzee,chimpanzees,0,0.0,valid,Chimpanzee,chimpanzee,chimpanzees,0,0.0,valid,Chimpanzee,chimpanzee,chimpanzees,0,0.0
5a88cc8f55429938390d3fc5,True,valid,Sissy Spacek,sissy spacek,sissy spacek,1,1.0,valid,Sissy Spacek,sissy spacek,sissy spacek,1,1.0,valid,Sissy Spacek,sissy spacek,sissy spacek,1,1.0,valid,Sissy Spacek,sissy spacek,sissy spacek,1,1.0
5abaee845542996606241696,True,valid,Maryland,maryland,maryland,1,1.0,valid,Maryland,maryland,maryland,1,1.0,valid,Maryland,maryland,maryland,1,1.0,valid,Maryland,maryland,maryland,1,1.0
5a73583455429901807dafcf,True,valid,World Championship Wrestling (WCW),world championship wrestling wcw,world championship wrestling,0,0.8571428571428571,valid,World Championship Wrestling (WCW),world championship wrestling wcw,world championship wrestling,0,0.8571428571428571,valid,World Championship Wrestling (WCW),world championship wrestling wcw,world championship wrestling,0,0.8571428571428571,valid,World Championship Wrestling (WCW),world championship wrestling wcw,world championship wrestling,0,0.8571428571428571
5ab960d6554299743d22eb21,True,valid,Leatherheads,leatherheads,leatherheads,1,1.0,valid,Leatherheads,leatherheads,leatherheads,1,1.0,valid,Leatherheads,leatherheads,leatherheads,1,1.0,valid,Leatherheads,leatherheads,leatherheads,1,1.0
5a84bc5b5542991dd0999dc3,True,valid,Duwan-Asar,duwanasar,ibrium,0,0.0,valid,[Not provided in context],not provided in context,ibrium,0,0.0,valid,Du Enqi,du enqi,ibrium,0,0.0,valid,Duenis,duenis,ibrium,0,0.0
5a8e08ab5542995085b37393,True,valid,Eleanor of Aquitaine,eleanor of aquitaine,duchess eleanor of aquitaine,0,0.8571428571428571,valid,Duchess Eleanor of Aquitaine,duchess eleanor of aquitaine,duchess eleanor of aquitaine,1,1.0,valid,Duchess Eleanor of Aquitaine,duchess eleanor of aquitaine,duchess eleanor of aquitaine,1,1.0,valid,Duchess Eleanor of Aquitaine,duchess eleanor of aquitaine,duchess eleanor of aquitaine,1,1.0
5a8ba0855542995d1e6f1427,True,valid,"1947, 1958, and 1979",1947 1958 and 1979,1947,0,0.4,valid,"1947, 1958, and 1979",1947 1958 and 1979,1947,0,0.4,valid,"1947, 1958, and 1979",1947 1958 and 1979,1947,0,0.4,valid,"1947, 1958, and 1979",1947 1958 and 1979,1947,0,0.4
5ae2e0fd55429928c4239524,True,valid,Ronald Reagan,ronald reagan,george h w bush,0,0.0,valid,Ronald Reagan,ronald reagan,george h w bush,0,0.0,valid,Ronald Reagan,ronald reagan,george h w bush,0,0.0,valid,Ronald Reagan,ronald reagan,george h w bush,0,0.0
5a8313a755429954d2e2ec06,True,valid,Naomi Wallace,naomi wallace,naomi wallace,1,1.0,valid,Naomi Wallace,naomi wallace,naomi wallace,1,1.0,valid,Naomi Wallace,naomi wallace,naomi wallace,1,1.0,valid,Naomi Wallace,naomi wallace,naomi wallace,1,1.0
5ab624b855429953192ad26d,True,valid,jurisdiction,jurisdiction,jurisdiction,1,1.0,valid,jurisdiction,jurisdiction,jurisdiction,1,1.0,valid,jurisdiction,jurisdiction,jurisdiction,1,1.0,valid,jurisdiction,jurisdiction,jurisdiction,1,1.0
5ae53fcb55429960a22e029e,True,valid,"Seth MacFarlane, Mike Barker, and Matt Weitzman",seth macfarlane mike barker and matt weitzman,seth macfarlane,0,0.4444444444444445,valid,"Seth MacFarlane, Mike Barker, and Matt Weitzman",seth macfarlane mike barker and matt weitzman,seth macfarlane,0,0.4444444444444445,valid,"Seth MacFarlane, Mike Barker, and Matt Weitzman",seth macfarlane mike barker and matt weitzman,seth macfarlane,0,0.4444444444444445,valid,"Seth MacFarlane, Mike Barker, and Matt Weitzman",seth macfarlane mike barker and matt weitzman,seth macfarlane,0,0.4444444444444445
5a7b782455429927d897bfd7,True,valid,Cecily Strong,cecily strong,cecily strong,1,1.0,valid,Cecily Strong,cecily strong,cecily strong,1,1.0,valid,Cecily Strong,cecily strong,cecily strong,1,1.0,valid,Cecily Strong,cecily strong,cecily strong,1,1.0
5ae56a0d5542990ba0bbb29c,True,valid,"2,099",2099,2099,1,1.0,valid,"2,099",2099,2099,1,1.0,valid,"2,099",2099,2099,1,1.0,valid,"2,099",2099,2099,1,1.0
5add57e55542992ae4cec516,True,valid,England,england,england,1,1.0,valid,England,england,england,1,1.0,valid,England,england,england,1,1.0,valid,England,england,england,1,1.0
5adcfba05542990d50227d83,True,valid,post–World War II era,post–world war ii era,post–world war ii,0,0.8571428571428571,valid,post–World War II era,post–world war ii era,post–world war ii,0,0.8571428571428571,valid,post-World War II era,postworld war ii era,post–world war ii,0,0.5714285714285715,valid,post–World War II era,post–world war ii era,post–world war ii,0,0.8571428571428571
5abdcaea55429965af743e4e,True,valid,Top winner,top winner,winners,0,0.0,valid,Nomination for Best Actress,nomination for best actress,winners,0,0.0,valid,Top winner,top winner,winners,0,0.0,valid,Being a top winner (or top winners),being top winner or top winners,winners,0,0.2857142857142857
5a808f96554299485f598655,True,valid,The First Balkan War,first balkan war,slavic women accompanying their husbands in first balkan war,0,0.5,valid,The First Balkan War,first balkan war,slavic women accompanying their husbands in first balkan war,0,0.5,valid,the First Balkan War,first balkan war,slavic women accompanying their husbands in first balkan war,0,0.5,valid,The Slavic women accompanying their husbands in the First Balkan War,slavic women accompanying their husbands in first balkan war,slavic women accompanying their husbands in first balkan war,1,1.0
5a8dee2455429917b4a5bce1,True,valid,Milk,milk,pineapple express,0,0.0,valid,"Milk, Pineapple Express, Rise of the Planet of the Apes, Spring Breakers, Oz the Great and Powerful, This Is the End, The Disaster Artist, Spider-Man",milk pineapple express rise of planet of apes spring breakers oz great and powerful this is end disaster artist spiderman,pineapple express,0,0.18181818181818182,valid,"Milk, Pineapple Express, Rise of the Planet of the Apes, Spring Breakers, Oz the Great and Powerful, This Is the End, The Disaster Artist, Spider-Man, The Little Prince, Sausage Party",milk pineapple express rise of planet of apes spring breakers oz great and powerful this is end disaster artist spiderman little prince sausage party,pineapple express,0,0.15384615384615385,valid,"Milk, Pineapple Express, Rise of the Planet of the Apes, Spring Breakers, Oz the Great and Powerful, This Is the End, The Disaster Artist, Spider-Man, The Little Prince, Sausage Party",milk pineapple express rise of planet of apes spring breakers oz great and powerful this is end disaster artist spiderman little prince sausage party,pineapple express,0,0.15384615384615385
5ac19bf55542994ab5c67d97,True,valid,Kansas Joe McCoy and Memphis Minnie,kansas joe mccoy and memphis minnie,joe mccoy and memphis minnie,0,0.9090909090909091,valid,Kansas Joe McCoy and Memphis Minnie,kansas joe mccoy and memphis minnie,joe mccoy and memphis minnie,0,0.9090909090909091,valid,Kansas Joe McCoy and Memphis Minnie,kansas joe mccoy and memphis minnie,joe mccoy and memphis minnie,0,0.9090909090909091,valid,Kansas Joe McCoy and Memphis Minnie,kansas joe mccoy and memphis minnie,joe mccoy and memphis minnie,0,0.9090909090909091
5a88a1bb5542997e5c09a64c,True,valid,Christopher Nolan,christopher nolan,christopher nolan,1,1.0,valid,Christopher Nolan,christopher nolan,christopher nolan,1,1.0,valid,Christopher Nolan,christopher nolan,christopher nolan,1,1.0,valid,Christopher Nolan,christopher nolan,christopher nolan,1,1.0
5adfde09554299025d62a369,True,valid,NFL single-season touchdown reception record (23 in 2007),nfl singleseason touchdown reception record 23 in 2007,singleseason touchdown reception,0,0.5454545454545454,valid,single-season touchdown reception record (23 in 2007),singleseason touchdown reception record 23 in 2007,singleseason touchdown reception,0,0.6,valid,NFL single-season touchdown reception record (23 in 2007),nfl singleseason touchdown reception record 23 in 2007,singleseason touchdown reception,0,0.5454545454545454,valid,NFL single-season touchdown reception record (23),nfl singleseason touchdown reception record 23,singleseason touchdown reception,0,0.6666666666666666
5a713f3c5542994082a3e6eb,True,valid,"Miami-Dade County, Florida, on the border of Miami and Hialeah",miamidade county florida on border of miami and hialeah,jacksonville station,0,0.0,valid,"Miami-Dade County, Florida (on the border of Miami and Hialeah)",miamidade county florida on border of miami and hialeah,jacksonville station,0,0.0,valid,"Miami-Dade County, Florida, on the border of Miami and Hialeah",miamidade county florida on border of miami and hialeah,jacksonville station,0,0.0,valid,"Miami-Dade County, Florida (on the border of Miami and Hialeah)",miamidade county florida on border of miami and hialeah,jacksonville station,0,0.0
5a81ea115542995ce29dcc78,True,valid,Parlophone Records,parlophone records,parlophone records,1,1.0,valid,Parlophone Records,parlophone records,parlophone records,1,1.0,valid,Parlophone Records,parlophone records,parlophone records,1,1.0,valid,Parlophone Records,parlophone records,parlophone records,1,1.0
5ae1925a554299492dc91b48,True,valid,Lady Charlotte Elliot,lady charlotte elliot,charlotte carnegie,0,0.4,valid,Lady Charlotte Elliot,lady charlotte elliot,charlotte carnegie,0,0.4,valid,Lady Charlotte Elliot,lady charlotte elliot,charlotte carnegie,0,0.4,valid,Lady Charlotte Elliot,lady charlotte elliot,charlotte carnegie,0,0.4
5ac02880554299012d1db5c0,True,valid,1905,1905,1905,1,1.0,valid,1905,1905,1905,1,1.0,valid,1905,1905,1905,1,1.0,valid,1905,1905,1905,1,1.0
5a74a8fa55429929fddd8497,True,valid,Bill Dudman,bill dudman,dudman,0,0.6666666666666666,valid,Bill Dudman,bill dudman,dudman,0,0.6666666666666666,valid,Bill Dudman,bill dudman,dudman,0,0.6666666666666666,valid,Bill Dudman,bill dudman,dudman,0,0.6666666666666666
5a7f84225542994857a76756,True,valid,Amberley Village,amberley village,amberley village,1,1.0,valid,Amberley Village,amberley village,amberley village,1,1.0,valid,Amberley Village,amberley village,amberley village,1,1.0,valid,Amberley Village,amberley village,amberley village,1,1.0
5a8baf635542996e8ac889c6,True,valid,Harare,harare,harare,1,1.0,valid,Harare,harare,harare,1,1.0,valid,Harare,harare,harare,1,1.0,valid,Harare,harare,harare,1,1.0
5a7502345542993748c89795,True,valid,Chad,chad,chad,1,1.0,valid,Chad,chad,chad,1,1.0,valid,Chad,chad,chad,1,1.0,valid,Chad,chad,chad,1,1.0
5ae4890a5542995ad6573d60,True,valid,"Executive Search, Board Consulting and Leadership Strategy Services",executive search board consulting and leadership strategy services,executive search board consulting,0,0.6666666666666666,valid,"Executive Search, Board Consulting and Leadership Strategy Services",executive search board consulting and leadership strategy services,executive search board consulting,0,0.6666666666666666,valid,"Executive Search, Board Consulting and Leadership Strategy Services",executive search board consulting and leadership strategy services,executive search board consulting,0,0.6666666666666666,valid,"Executive Search, Board Consulting and Leadership Strategy Services",executive search board consulting and leadership strategy services,executive search board consulting,0,0.6666666666666666
5ab6c47e55429954757d3368,True,valid,University of Oxford,university of oxford,university of oxford england,0,0.8571428571428571,valid,University of Oxford,university of oxford,university of oxford england,0,0.8571428571428571,valid,University of Oxford,university of oxford,university of oxford england,0,0.8571428571428571,valid,University of Oxford,university of oxford,university of oxford england,0,0.8571428571428571
5a7cb9985542990527d55514,True,valid,Des O'Connor,des oconnor,des oconnor,1,1.0,valid,Des O'Connor,des oconnor,des oconnor,1,1.0,valid,Des O'Connor,des oconnor,des oconnor,1,1.0,valid,Des O'Connor,des oconnor,des oconnor,1,1.0
5ae39e9c5542990afbd1e195,True,valid,The Captain Matchbox Whoopee Band,captain matchbox whoopee band,captain matchbox whoopee band,1,1.0,valid,The Captain Matchbox Whoopee Band,captain matchbox whoopee band,captain matchbox whoopee band,1,1.0,valid,The Captain Matchbox Whoopee Band,captain matchbox whoopee band,captain matchbox whoopee band,1,1.0,valid,The Captain Matchbox Whoopee Band,captain matchbox whoopee band,captain matchbox whoopee band,1,1.0
5ab8723c55429934fafe6dbc,True,valid,Houston Rockets,houston rockets,houston rockets,1,1.0,valid,Houston Rockets,houston rockets,houston rockets,1,1.0,valid,Houston Rockets,houston rockets,houston rockets,1,1.0,valid,Houston Rockets,houston rockets,houston rockets,1,1.0
5a7cd8da55429909bec76845,True,valid,"""The Ones Who Walk Away from Omelas""",ones who walk away from omelas,ones who walk away from omelas,1,1.0,valid,"""The Ones Who Walk Away from Omelas""",ones who walk away from omelas,ones who walk away from omelas,1,1.0,valid,The Ones Who Walk Away from Omelas,ones who walk away from omelas,ones who walk away from omelas,1,1.0,valid,The Ones Who Walk Away from Omelas,ones who walk away from omelas,ones who walk away from omelas,1,1.0
5abf1e825542997ec76fd3cb,True,valid,2004,2004,2004,1,1.0,valid,2004,2004,2004,1,1.0,valid,2004,2004,2004,1,1.0,valid,2004,2004,2004,1,1.0
5a80abd15542996402f6a5e0,True,valid,"Wong Jing, Jiang Zhuoyuan, Zhang Yimou, Lam Chi-chung, Zhang Yibai, Xie Dongshen, or Jordan Vogt-Roberts",wong jing jiang zhuoyuan zhang yimou lam chichung zhang yibai xie dongshen or jordan vogtroberts,ding sheng,0,0.0,valid,"Ding Sheng, Wong Jing, Jiang Zhuoyuan, Zhang Yimou, Lam Chi-chung, Zhang Yibai, Jordan Vogt-Roberts, or Steven S. DeKnight",ding sheng wong jing jiang zhuoyuan zhang yimou lam chichung zhang yibai jordan vogtroberts or steven s deknight,ding sheng,0,0.19999999999999998,valid,"Wong Jing, Jiang Zhuoyuan, Ding Sheng, Zhang Yimou, Lam Chi-chung, Zhang Yibai, or Xie Dongshen",wong jing jiang zhuoyuan ding sheng zhang yimou lam chichung zhang yibai or xie dongshen,ding sheng,0,0.23529411764705882,valid,"Ding Sheng, Wong Jing, Jiang Zhuoyuan, Zhang Yimou, Lam Chi-chung, Zhang Yibai, Xie Dongshen, or Steven S. DeKnight",ding sheng wong jing jiang zhuoyuan zhang yimou lam chichung zhang yibai xie dongshen or steven s deknight,ding sheng,0,0.19999999999999998
5a7a5ec855429941d65f25e4,True,valid,Sistan Basin,sistan basin,sistan basin,1,1.0,valid,Endorheic Sistan Basin,endorheic sistan basin,sistan basin,0,0.8,valid,Sistan Basin,sistan basin,sistan basin,1,1.0,valid,Sistan Basin,sistan basin,sistan basin,1,1.0
5a79e1275542990198eaefe7,True,valid,Art Deco,art deco,art deco style,0,0.8,valid,Art Deco,art deco,art deco style,0,0.8,valid,Art Deco,art deco,art deco style,0,0.8,valid,Art Deco,art deco,art deco style,0,0.8
5a85e5345542991dd0999ebb,True,valid,clutch,clutch,hydraulic clutch,0,0.6666666666666666,valid,Clutch,clutch,hydraulic clutch,0,0.6666666666666666,valid,hydraulic clutch,hydraulic clutch,hydraulic clutch,1,1.0,valid,Clutch,clutch,hydraulic clutch,0,0.6666666666666666
5ab88c075542991b5579efbe,True,valid,Mr. Tumnus,mr tumnus,mr tumnus,1,1.0,valid,Mr. Tumnus,mr tumnus,mr tumnus,1,1.0,valid,Mr. Tumnus,mr tumnus,mr tumnus,1,1.0,valid,Mr. Tumnus,mr tumnus,mr tumnus,1,1.0
5ae70369554299572ea54683,True,valid,1918,1918,1918,1,1.0,valid,1918,1918,1918,1,1.0,valid,1918,1918,1918,1,1.0,valid,1918,1918,1918,1,1.0
5a7c6753554299683c1c62f9,True,valid,Girls' Generation,girls generation,girls generation,1,1.0,valid,Girls' Generation,girls generation,girls generation,1,1.0,valid,Girls' Generation,girls generation,girls generation,1,1.0,valid,Girls' Generation,girls generation,girls generation,1,1.0
5abd0296554299114383a1d1,True,valid,1876,1876,1876,1,1.0,valid,1876,1876,1876,1,1.0,valid,1876,1876,1876,1,1.0,valid,1876,1876,1876,1,1.0
5ac2efd65542990b17b154c7,True,valid,Bigg Boss 10,bigg boss 10,tenth season,0,0.0,valid,Bigg Boss 10,bigg boss 10,tenth season,0,0.0,valid,Bigg Boss 10,bigg boss 10,tenth season,0,0.0,valid,Bigg Boss 10,bigg boss 10,tenth season,0,0.0
5ac113e2554299294b21909a,True,valid,"Frank Wildhorn, Leslie Bricusse and Steve Cuden",frank wildhorn leslie bricusse and steve cuden,wildhorn bricusse and cuden,0,0.7272727272727273,valid,"Frank Wildhorn, Leslie Bricusse and Steve Cuden",frank wildhorn leslie bricusse and steve cuden,wildhorn bricusse and cuden,0,0.7272727272727273,valid,"Frank Wildhorn, Leslie Bricusse and Steve Cuden",frank wildhorn leslie bricusse and steve cuden,wildhorn bricusse and cuden,0,0.7272727272727273,valid,"Frank Wildhorn, Leslie Bricusse and Steve Cuden",frank wildhorn leslie bricusse and steve cuden,wildhorn bricusse and cuden,0,0.7272727272727273
5ab7268b5542992aa3b8c7b1,True,valid,Ang Lee,ang lee,ang lee,1,1.0,valid,Ang Lee,ang lee,ang lee,1,1.0,valid,Ang Lee,ang lee,ang lee,1,1.0,valid,Ang Lee,ang lee,ang lee,1,1.0
5abdc18555429965af743e2b,True,valid,The Hertz Corporation,hertz corporation,hertz,0,0.6666666666666666,valid,The Hertz Corporation,hertz corporation,hertz,0,0.6666666666666666,valid,The Hertz Corporation,hertz corporation,hertz,0,0.6666666666666666,valid,The Hertz Corporation,hertz corporation,hertz,0,0.6666666666666666
5ab5cd0d554299488d4d9a30,True,valid,The State of Nevada,state of nevada,state of nevada,1,1.0,valid,The State of Nevada,state of nevada,state of nevada,1,1.0,valid,The State of Nevada,state of nevada,state of nevada,1,1.0,valid,The State of Nevada,state of nevada,state of nevada,1,1.0
5a81ee385542995ce29dcc88,True,valid,Lawrence of Arabia,lawrence of arabia,lawrence of arabia,1,1.0,valid,Lawrence of Arabia,lawrence of arabia,lawrence of arabia,1,1.0,valid,Lawrence of Arabia,lawrence of arabia,lawrence of arabia,1,1.0,valid,Lawrence of Arabia,lawrence of arabia,lawrence of arabia,1,1.0
5a73354f5542991f9a20c687,True,valid,Henry Moseley,henry moseley,henry moseley,1,1.0,valid,Henry Moseley,henry moseley,henry moseley,1,1.0,valid,Henry Moseley,henry moseley,henry moseley,1,1.0,valid,Henry Moseley,henry moseley,henry moseley,1,1.0
5ae5a4e5554299546bf82f01,True,valid,Pasek and Paul,pasek and paul,pasek and paul,1,1.0,valid,Pasek and Paul,pasek and paul,pasek and paul,1,1.0,valid,Pasek and Paul,pasek and paul,pasek and paul,1,1.0,valid,Pasek and Paul,pasek and paul,pasek and paul,1,1.0
5ab808b85542991d3222380d,True,valid,religious authority of Hawai'i,religious authority of hawaii,belief in many deities and spirits,0,0.0,valid,religious authority of Hawai'i,religious authority of hawaii,belief in many deities and spirits,0,0.0,valid,religious authority of Hawai'i,religious authority of hawaii,belief in many deities and spirits,0,0.0,valid,religious authority of Hawai'i,religious authority of hawaii,belief in many deities and spirits,0,0.0
5ac2768d5542990b17b153a8,True,valid,18 or 19 November 1786,18 or 19 november 1786,19 november 1786,0,0.7499999999999999,valid,18 or 19 November 1786,18 or 19 november 1786,19 november 1786,0,0.7499999999999999,valid,18 or 19 November 1786,18 or 19 november 1786,19 november 1786,0,0.7499999999999999,valid,18 or 19 November 1786,18 or 19 november 1786,19 november 1786,0,0.7499999999999999
5adcc3ed5542994d58a2f6c4,True,valid,"The provided context does not mention Carlene LeFevre and Rich LeFevre forming any group in Brooklyn, New York City.",provided context does not mention carlene lefevre and rich lefevre forming any group in brooklyn new york city,first family of competitive eating,0,0.0,valid,"The ""First Family of Competitive Eating""",first family of competitive eating,first family of competitive eating,1,1.0,valid,"""First Family of Competitive Eating""",first family of competitive eating,first family of competitive eating,1,1.0,valid,"The ""First Family of Competitive Eating""",first family of competitive eating,first family of competitive eating,1,1.0
5ae4a91d5542995ad6573e09,True,valid,Black Panther Party,black panther party,black nationalism,0,0.4,valid,Black nationalism / Black Panther Party,black nationalism black panther party,black nationalism,0,0.5714285714285715,valid,Black Panther Party,black panther party,black nationalism,0,0.4,valid,Black Panther Party,black panther party,black nationalism,0,0.4
5ab2a8b655429929539467ab,True,valid,Nikhil Banerjee,nikhil banerjee,nikhil banerjee,1,1.0,valid,"Nikhil Banerjee (or Annapurna Devi, or Ravi Shankar)",nikhil banerjee or annapurna devi or ravi shankar,nikhil banerjee,0,0.4,valid,"Nikhil Banerjee (or Annapurna Devi, or Ravi Shankar)",nikhil banerjee or annapurna devi or ravi shankar,nikhil banerjee,0,0.4,valid,"Nikhil Banerjee (or Annapurna Devi, or Ravi Shankar)",nikhil banerjee or annapurna devi or ravi shankar,nikhil banerjee,0,0.4
5a74d7685542996c70cfae0a,True,valid,Richard Hauptmann,richard hauptmann,richard hauptmann,1,1.0,valid,Richard Hauptmann,richard hauptmann,richard hauptmann,1,1.0,valid,Richard Hauptmann,richard hauptmann,richard hauptmann,1,1.0,valid,Richard Hauptmann,richard hauptmann,richard hauptmann,1,1.0
5a8dff3f5542995085b37370,True,valid,quantum mechanics,quantum mechanics,quantum mechanics,1,1.0,valid,quantum mechanics,quantum mechanics,quantum mechanics,1,1.0,valid,quantum mechanics,quantum mechanics,quantum mechanics,1,1.0,valid,Quantum mechanics,quantum mechanics,quantum mechanics,1,1.0
5a890b895542995153361278,True,valid,Fridtjof Nansen,fridtjof nansen,daughter of fridtjof nansen,0,0.6666666666666666,valid,Fridtjof Nansen,fridtjof nansen,daughter of fridtjof nansen,0,0.6666666666666666,valid,Fridtjof Nansen,fridtjof nansen,daughter of fridtjof nansen,0,0.6666666666666666,valid,Fridtjof Nansen,fridtjof nansen,daughter of fridtjof nansen,0,0.6666666666666666
5a752fb75542993748c897df,True,valid,Erreway,erreway,erreway,1,1.0,valid,Erreway,erreway,erreway,1,1.0,valid,Erreway,erreway,erreway,1,1.0,valid,Erreway,erreway,erreway,1,1.0
5ab6e848554299710c8d1faa,True,valid,"August 19, 1968",august 19 1968,august 19 1968,1,1.0,valid,"August 19, 1968",august 19 1968,august 19 1968,1,1.0,valid,"August 19, 1968",august 19 1968,august 19 1968,1,1.0,valid,"August 19, 1968",august 19 1968,august 19 1968,1,1.0
5ae690b055429908198fa622,True,valid,Ellesmere Port,ellesmere port,ellesmere port,1,1.0,valid,Ellesmere Port,ellesmere port,ellesmere port,1,1.0,valid,Ellesmere Port,ellesmere port,ellesmere port,1,1.0,valid,Ellesmere Port,ellesmere port,ellesmere port,1,1.0
5ae358c05542990afbd1e10f,True,valid,Romas Kalanta's self-immolation and the prohibition to take part in his funeral by officials,romas kalantas selfimmolation and prohibition to take part in his funeral by officials,romas kalanta,0,0.13333333333333336,valid,Romas Kalanta's self-immolation and the prohibition to take part in his funeral by officials,romas kalantas selfimmolation and prohibition to take part in his funeral by officials,romas kalanta,0,0.13333333333333336,valid,Romas Kalanta's self-immolation and the officials' prohibition to take part in his funeral,romas kalantas selfimmolation and officials prohibition to take part in his funeral,romas kalanta,0,0.14285714285714285,valid,Romas Kalanta's self-immolation and the officials' prohibition to take part in his funeral,romas kalantas selfimmolation and officials prohibition to take part in his funeral,romas kalanta,0,0.14285714285714285
5ab3dbd8554299233954ffd6,True,valid,Not specified in the context,not specified in context,2017,0,0.0,valid,Not specified in the context,not specified in context,2017,0,0.0,valid,10 November 2017,10 november 2017,2017,0,0.5,valid,"The provided context does not state the exact date when Peter Capaldi played the role of Mr. Curry in ""Paddington 2"", only that the film is set to release on 10 November 2017 and that he was set to reprise the role in the sequel.",provided context does not state exact date when peter capaldi played role of mr curry in paddington 2 only that film is set to release on 10 november 2017 and that he was set to reprise role in sequel,2017,0,0.05
5ae849cc5542997ec2727798,True,valid,"Minnesota, Wisconsin, and Michigan",minnesota wisconsin and michigan,minnesota to west and wisconsin and upper peninsula of michigan to south,0,0.5,valid,"Minnesota, Wisconsin, and Michigan",minnesota wisconsin and michigan,minnesota to west and wisconsin and upper peninsula of michigan to south,0,0.5,valid,"Minnesota, Wisconsin, and Michigan",minnesota wisconsin and michigan,minnesota to west and wisconsin and upper peninsula of michigan to south,0,0.5,valid,"Minnesota, Wisconsin, and Michigan",minnesota wisconsin and michigan,minnesota to west and wisconsin and upper peninsula of michigan to south,0,0.5
5ae35b6b5542990afbd1e116,True,valid,Rebirth,rebirth,rebirth,1,1.0,valid,Rebirth,rebirth,rebirth,1,1.0,valid,Rebirth,rebirth,rebirth,1,1.0,valid,Rebirth,rebirth,rebirth,1,1.0
5a839f985542996488c2e47d,True,valid,"photographs, film and television",photographs film and television,photographs film and television,1,1.0,valid,"photographs, film and television",photographs film and television,photographs film and television,1,1.0,valid,"photographs, film and television",photographs film and television,photographs film and television,1,1.0,valid,"photographs, film and television",photographs film and television,photographs film and television,1,1.0
5a8bc03d5542996e8ac88a0b,True,valid,LBK,lbk,operation neptune,0,0.0,valid,LBK,lbk,operation neptune,0,0.0,valid,LBK,lbk,operation neptune,0,0.0,valid,LBK,lbk,operation neptune,0,0.0
5adccdab5542994d58a2f6db,True,valid,6 July 2009,6 july 2009,2009,0,0.5,valid,6 July 2009,6 july 2009,2009,0,0.5,valid,6 July 2009,6 july 2009,2009,0,0.5,valid,6 July 2009,6 july 2009,2009,0,0.5
5ae4a2b25542995ad6573de0,True,valid,Quantrill's Raiders,quantrills raiders,proconfederate,0,0.0,valid,Quantrill's Raiders,quantrills raiders,proconfederate,0,0.0,valid,Quantrill's Raiders,quantrills raiders,proconfederate,0,0.0,valid,Quantrill's Raiders,quantrills raiders,proconfederate,0,0.0
5ab90a2055429916710eb0ea,True,valid,"Philadelphia, Pennsylvania",philadelphia pennsylvania,philadelphia,0,0.6666666666666666,valid,"Philadelphia, Pennsylvania",philadelphia pennsylvania,philadelphia,0,0.6666666666666666,valid,"Philadelphia, Pennsylvania",philadelphia pennsylvania,philadelphia,0,0.6666666666666666,valid,"Philadelphia, Pennsylvania",philadelphia pennsylvania,philadelphia,0,0.6666666666666666
5a82e25555429954d2e2ebbf,True,valid,Eva Ibbotson,eva ibbotson,eva ibbotson,1,1.0,valid,Eva Ibbotson,eva ibbotson,eva ibbotson,1,1.0,valid,Eva Ibbotson,eva ibbotson,eva ibbotson,1,1.0,valid,Eva Ibbotson,eva ibbotson,eva ibbotson,1,1.0
5ab7e3c45542995dae37e9db,True,valid,"near North Chicago, in Lake County, Illinois",near north chicago in lake county illinois,lake county illinois,0,0.6,valid,"near North Chicago, in Lake County, Illinois",near north chicago in lake county illinois,lake county illinois,0,0.6,valid,"Near North Chicago, in Lake County, Illinois",near north chicago in lake county illinois,lake county illinois,0,0.6,valid,"near North Chicago, in Lake County, Illinois",near north chicago in lake county illinois,lake county illinois,0,0.6
5abd27ba5542993062266ba7,True,valid,Banjo,banjo,banjo player,0,0.6666666666666666,valid,Banjo,banjo,banjo player,0,0.6666666666666666,valid,Banjo,banjo,banjo player,0,0.6666666666666666,valid,banjo,banjo,banjo player,0,0.6666666666666666
5adc861c5542994d58a2f62c,True,valid,"Comodoro Arturo Merino Benítez International Airport, Santiago, Chile",comodoro arturo merino benítez international airport santiago chile,comodoro arturo merino benítez international airport,0,0.8571428571428571,valid,Comodoro Arturo Merino Benítez International Airport,comodoro arturo merino benítez international airport,comodoro arturo merino benítez international airport,1,1.0,valid,"Comodoro Arturo Merino Benítez International Airport, Santiago, Chile",comodoro arturo merino benítez international airport santiago chile,comodoro arturo merino benítez international airport,0,0.8571428571428571,valid,Comodoro Arturo Merino Benítez International Airport,comodoro arturo merino benítez international airport,comodoro arturo merino benítez international airport,1,1.0
5abc8d75554299700f9d7900,True,valid,Leo Varadkar,leo varadkar,leo varadkar,1,1.0,valid,Leo Varadkar,leo varadkar,leo varadkar,1,1.0,valid,Leo Varadkar,leo varadkar,leo varadkar,1,1.0,valid,Leo Varadkar,leo varadkar,leo varadkar,1,1.0
5abb207d5542992ccd8e7f1d,True,valid,Geneva,geneva,geneva switzerland,0,0.6666666666666666,valid,Geneva,geneva,geneva switzerland,0,0.6666666666666666,valid,Geneva,geneva,geneva switzerland,0,0.6666666666666666,valid,Geneva,geneva,geneva switzerland,0,0.6666666666666666
5a8325b35542990548d0b18f,True,valid,Kathy Sullivan,kathy sullivan,kathryn jean martin,0,0.0,valid,Kathy Sullivan,kathy sullivan,kathryn jean martin,0,0.0,valid,Kathy Sullivan,kathy sullivan,kathryn jean martin,0,0.0,valid,Kathy Sullivan,kathy sullivan,kathryn jean martin,0,0.0
5abcf2b4554299700f9d7937,True,valid,"Giotto, Spinello Aretino, and Agnolo Gaddi",giotto spinello aretino and agnolo gaddi,giotto,0,0.2857142857142857,valid,Giotto,giotto,giotto,1,1.0,valid,Giotto,giotto,giotto,1,1.0,valid,Giotto,giotto,giotto,1,1.0
5a8a09765542992d82986e67,True,valid,FC Bayern Munich,fc bayern munich,fc bayern munich,1,1.0,valid,FC Bayern Munich,fc bayern munich,fc bayern munich,1,1.0,valid,FC Bayern Munich,fc bayern munich,fc bayern munich,1,1.0,valid,FC Bayern Munich,fc bayern munich,fc bayern munich,1,1.0
5ab4774d5542991751b4d781,True,valid,Brag,brag,in crash there is no betting as in brag,0,0.19999999999999998,valid,Brag,brag,in crash there is no betting as in brag,0,0.19999999999999998,valid,Brag,brag,in crash there is no betting as in brag,0,0.19999999999999998,valid,Brag,brag,in crash there is no betting as in brag,0,0.19999999999999998
5a84f5195542994c784dda9d,True,valid,Israeli Ambassador to the United States,israeli ambassador to united states,israeli ambassador,0,0.5714285714285715,valid,Israeli Ambassador to the United States,israeli ambassador to united states,israeli ambassador,0,0.5714285714285715,valid,Israeli Ambassador to the United States,israeli ambassador to united states,israeli ambassador,0,0.5714285714285715,valid,Israeli Ambassador to the United States,israeli ambassador to united states,israeli ambassador,0,0.5714285714285715
5ade7feb5542992fa25da799,True,valid,Wake Atoll,wake atoll,wake atoll,1,1.0,valid,Wake Island,wake island,wake atoll,0,0.5,valid,Wake Atoll,wake atoll,wake atoll,1,1.0,valid,Wake Atoll,wake atoll,wake atoll,1,1.0
5ac299b155429967731025ad,True,valid,atomic bombings of Hiroshima and Nagasaki,atomic bombings of hiroshima and nagasaki,hiroshima and nagasaki,0,0.6666666666666666,valid,Atomic bombings of Hiroshima and Nagasaki,atomic bombings of hiroshima and nagasaki,hiroshima and nagasaki,0,0.6666666666666666,valid,Atomic bombings of Hiroshima and Nagasaki,atomic bombings of hiroshima and nagasaki,hiroshima and nagasaki,0,0.6666666666666666,valid,Atomic bombings of Hiroshima and Nagasaki,atomic bombings of hiroshima and nagasaki,hiroshima and nagasaki,0,0.6666666666666666
5adef5fb5542993a75d263be,True,valid,Lambic,lambic,lambic,1,1.0,valid,Lambic,lambic,lambic,1,1.0,valid,Lambic,lambic,lambic,1,1.0,valid,Lambic,lambic,lambic,1,1.0
5abaeda95542992ccd8e7e5d,True,valid,Twin Pines/Lone Pine Mall,twin pineslone pine mall,twin pineslone pine mall,1,1.0,valid,Twin Pines/Lone Pine Mall,twin pineslone pine mall,twin pineslone pine mall,1,1.0,valid,Twin Pines/Lone Pine Mall,twin pineslone pine mall,twin pineslone pine mall,1,1.0,valid,Twin Pines/Lone Pine Mall,twin pineslone pine mall,twin pineslone pine mall,1,1.0
5addfdf65542992200553bd2,True,valid,Vyto Ruginis,vyto ruginis,vyto ruginis,1,1.0,valid,Vyto Ruginis,vyto ruginis,vyto ruginis,1,1.0,valid,Vyto Ruginis,vyto ruginis,vyto ruginis,1,1.0,valid,Vyto Ruginis,vyto ruginis,vyto ruginis,1,1.0
5ab95a63554299743d22eb06,True,valid,Royler Gracie,royler gracie,royler gracie,1,1.0,valid,Royler Gracie,royler gracie,royler gracie,1,1.0,valid,Royler Gracie,royler gracie,royler gracie,1,1.0,valid,Royler Gracie,royler gracie,royler gracie,1,1.0
5a807f6a5542992bc0c4a737,True,valid,1943,1943,1943,1,1.0,valid,1943,1943,1943,1,1.0,valid,1943,1943,1943,1,1.0,valid,1943,1943,1943,1,1.0
5ae129115542990adbacf722,True,valid,Francis McPeake,francis mcpeake,francis mcpeake,1,1.0,valid,Francis McPeake,francis mcpeake,francis mcpeake,1,1.0,valid,Francis McPeake,francis mcpeake,francis mcpeake,1,1.0,valid,Francis McPeake,francis mcpeake,francis mcpeake,1,1.0
5ae528e655429908b632652c,True,valid,Collins,collins,sir william collins,0,0.5,valid,Collins,collins,sir william collins,0,0.5,valid,Collins,collins,sir william collins,0,0.5,valid,Collins,collins,sir william collins,0,0.5
5abcd44655429959677d6af1,True,valid,The provided context does not contain the population of Rockingham County.,provided context does not contain population of rockingham county,population was 753,0,0.16666666666666666,valid,753,753,population was 753,0,0.5,valid,753,753,population was 753,0,0.5,valid,753,753,population was 753,0,0.5
5ae237ac554299492dc91be1,True,valid,810,810,810,1,1.0,valid,810,810,810,1,1.0,valid,810,810,810,1,1.0,valid,810,810,810,1,1.0
5ae414d855429970de88d8ec,True,valid,1903,1903,1903,1,1.0,valid,1903,1903,1903,1,1.0,valid,1903,1903,1903,1,1.0,valid,1903,1903,1903,1,1.0
5ac4e593554299076e296e37,True,valid,Rhythm guitar,rhythm guitar,rhythm guitar,1,1.0,valid,Rhythm guitar,rhythm guitar,rhythm guitar,1,1.0,valid,Rhythm guitar,rhythm guitar,rhythm guitar,1,1.0,valid,Rhythm guitar,rhythm guitar,rhythm guitar,1,1.0
5a8f0a01554299458435d539,True,valid,"Indianapolis, Indiana",indianapolis indiana,indianapolis,0,0.6666666666666666,valid,"Indianapolis, Indiana",indianapolis indiana,indianapolis,0,0.6666666666666666,valid,"Indianapolis, Indiana",indianapolis indiana,indianapolis,0,0.6666666666666666,valid,"Indianapolis, Indiana",indianapolis indiana,indianapolis,0,0.6666666666666666
5abe87cb5542993f32c2a156,True,valid,National Lottery,national lottery,statefranchised,0,0.0,valid,National Lottery,national lottery,statefranchised,0,0.0,valid,National Lottery,national lottery,statefranchised,0,0.0,valid,National Lottery,national lottery,statefranchised,0,0.0
5ae206c45542994d89d5b311,True,valid,"""The Heirs"", ""Descendants of the Sun"", and ""Fight for My Way""",heirs descendants of sun and fight for my way,heirs 2013,0,0.1818181818181818,valid,"""The Heirs"", ""Descendants of the Sun"", and ""Fight for My Way""",heirs descendants of sun and fight for my way,heirs 2013,0,0.1818181818181818,valid,"""The Heirs"", ""Descendants of the Sun"", and ""Fight for My Way""",heirs descendants of sun and fight for my way,heirs 2013,0,0.1818181818181818,valid,"""The Heirs"", ""Descendants of the Sun"", and ""Fight for My Way""",heirs descendants of sun and fight for my way,heirs 2013,0,0.1818181818181818
5a7b3f4d5542992d025e67bb,True,valid,Benj Pasek and Justin Paul (Pasek and Paul),benj pasek and justin paul pasek and paul,pasek paul,0,0.4,valid,Benj Pasek and Justin Paul (Pasek and Paul),benj pasek and justin paul pasek and paul,pasek paul,0,0.4,valid,Benj Pasek and Justin Paul (Pasek and Paul),benj pasek and justin paul pasek and paul,pasek paul,0,0.4,valid,Benj Pasek and Justin Paul (Pasek and Paul),benj pasek and justin paul pasek and paul,pasek paul,0,0.4
5a8ac87d55429970aeb7031d,True,valid,Jeff Van Gundy,jeff van gundy,jeffrey william van gundy,0,0.5714285714285715,valid,Jeff Van Gundy,jeff van gundy,jeffrey william van gundy,0,0.5714285714285715,valid,Jeff Van Gundy,jeff van gundy,jeffrey william van gundy,0,0.5714285714285715,valid,Jeff Van Gundy,jeff van gundy,jeffrey william van gundy,0,0.5714285714285715
5a8a429955429930ff3c0d34,True,valid,1912,1912,1912,1,1.0,valid,1912,1912,1912,1,1.0,valid,1912,1912,1912,1,1.0,valid,1912,1912,1912,1,1.0
5ab2f85b55429929539468dc,True,valid,8th and 16th centuries,8th and 16th centuries,8th and 16th centuries,1,1.0,valid,8th and 16th centuries,8th and 16th centuries,8th and 16th centuries,1,1.0,valid,8th and 16th centuries,8th and 16th centuries,8th and 16th centuries,1,1.0,valid,8th and 16th centuries,8th and 16th centuries,8th and 16th centuries,1,1.0
5ae8027d5542993210984031,True,valid,Monty Stratton,monty stratton,monty franklin pierce stratton,0,0.6666666666666666,valid,Monty Stratton,monty stratton,monty franklin pierce stratton,0,0.6666666666666666,valid,Monty Stratton,monty stratton,monty franklin pierce stratton,0,0.6666666666666666,valid,Monty Stratton,monty stratton,monty franklin pierce stratton,0,0.6666666666666666
5ae2c8b05542992decbdcd9d,True,valid,"Guangzhou, China",guangzhou china,guangzhou china,1,1.0,valid,"Guangzhou, China",guangzhou china,guangzhou china,1,1.0,valid,"Guangzhou, China",guangzhou china,guangzhou china,1,1.0,valid,"Guangzhou, China",guangzhou china,guangzhou china,1,1.0
5a8de7c65542995085b37353,True,valid,General Motors (GM),general motors gm,general motors,0,0.8,valid,General Motors,general motors,general motors,1,1.0,valid,General Motors,general motors,general motors,1,1.0,valid,General Motors,general motors,general motors,1,1.0
5ade99ad554299728e26c75d,True,valid,two or three acts,two or three acts,two or three acts,1,1.0,valid,Two or three acts,two or three acts,two or three acts,1,1.0,valid,Two or three acts,two or three acts,two or three acts,1,1.0,valid,Two or three acts,two or three acts,two or three acts,1,1.0
5a8dce155542994ba4e3dd24,True,valid,United States Marine Corps,united states marine corps,marine corps,0,0.6666666666666666,valid,United States Marine Corps,united states marine corps,marine corps,0,0.6666666666666666,valid,United States Marine Corps,united states marine corps,marine corps,0,0.6666666666666666,valid,United States Marine Corps,united states marine corps,marine corps,0,0.6666666666666666
5adec4695542992fa25da83a,True,valid,Dziga Vertov,dziga vertov,dziga vertov,1,1.0,valid,Dziga Vertov,dziga vertov,dziga vertov,1,1.0,valid,Dziga Vertov,dziga vertov,dziga vertov,1,1.0,valid,Dziga Vertov,dziga vertov,dziga vertov,1,1.0
5ab913205542991b5579f0e0,True,valid,Kentucky Fried Chicken (KFC),kentucky fried chicken kfc,kentucky fried chicken kfc,1,1.0,valid,Kentucky Fried Chicken (KFC),kentucky fried chicken kfc,kentucky fried chicken kfc,1,1.0,valid,Kentucky Fried Chicken (KFC),kentucky fried chicken kfc,kentucky fried chicken kfc,1,1.0,valid,Kentucky Fried Chicken (KFC),kentucky fried chicken kfc,kentucky fried chicken kfc,1,1.0
5a81a4335542990a1d231e38,True,valid,Clarence Nash,clarence nash,clarence nash,1,1.0,valid,Clarence Nash (and Tony Anselmo),clarence nash and tony anselmo,clarence nash,0,0.5714285714285715,valid,Clarence Nash,clarence nash,clarence nash,1,1.0,valid,Clarence Nash (and Tony Anselmo),clarence nash and tony anselmo,clarence nash,0,0.5714285714285715
5a7c00a55542996dd594b87e,True,valid,Mediterranean,mediterranean,mediterranean,1,1.0,valid,Mediterranean Sea,mediterranean sea,mediterranean,0,0.6666666666666666,valid,Mediterranean,mediterranean,mediterranean,1,1.0,valid,Mediterranean,mediterranean,mediterranean,1,1.0
5a7747e15542994aec3b7266,True,valid,Lonestar,lonestar,lonestar,1,1.0,valid,Lonestar,lonestar,lonestar,1,1.0,valid,Lonestar,lonestar,lonestar,1,1.0,valid,Lonestar,lonestar,lonestar,1,1.0
5ac42a64554299076e296d7b,True,valid,1927,1927,1927,1,1.0,valid,1927,1927,1927,1,1.0,valid,1927,1927,1927,1,1.0,valid,1927,1927,1927,1,1.0
5ae1f2d4554299234fd04358,True,valid,Rio Ferdinand,rio ferdinand,rio gavin ferdinand,0,0.8,valid,Rio Ferdinand,rio ferdinand,rio gavin ferdinand,0,0.8,valid,Rio Ferdinand,rio ferdinand,rio gavin ferdinand,0,0.8,valid,Rio Ferdinand,rio ferdinand,rio gavin ferdinand,0,0.8
5ac50bca55429924173fb57f,True,valid,Boston University and Harvard University,boston university and harvard university,harvard university,0,0.5714285714285715,valid,Boston University and Harvard University,boston university and harvard university,harvard university,0,0.5714285714285715,valid,Boston University and Harvard University,boston university and harvard university,harvard university,0,0.5714285714285715,valid,Boston University and Harvard University,boston university and harvard university,harvard university,0,0.5714285714285715
5ae73c00554299572ea5478a,True,valid,1856,1856,1856,1,1.0,valid,1856,1856,1856,1,1.0,valid,1856,1856,1856,1,1.0,valid,1856,1856,1856,1,1.0
5adc2e3d554299438c868d6b,True,valid,28 June 1945,28 june 1945,28 june 1945,1,1.0,valid,28 June 1945,28 june 1945,28 june 1945,1,1.0,valid,28 June 1945,28 june 1945,28 june 1945,1,1.0,valid,28 June 1945,28 june 1945,28 june 1945,1,1.0
